{"cameraMode":{"drawMode":0,"name":"Shaded","section":"Shading Mode"},"sceneLighting":true,"audioPlay":false,"sceneViewState":{"m_AlwaysRefresh":false,"showFog":true,"showSkybox":true,"showFlares":true,"showImageEffects":true,"showParticleSystems":true,"showVisualEffectGraphs":true,"m_FxEnabled":true},"in2DMode":false,"pivot":{"x":11.128064155578614,"y":-0.5245308876037598,"z":-1.0098748207092286},"rotation":{"x":0.17896459996700288,"y":0.026560675352811815,"z":-0.004833998158574104,"w":0.9834862351417542},"size":0.4420841336250305,"orthographic":false}