{"cameraMode":{"drawMode":0,"name":"Shaded","section":"Shading Mode"},"sceneLighting":true,"audioPlay":false,"sceneViewState":{"m_AlwaysRefresh":false,"showFog":true,"showSkybox":false,"showFlares":true,"showImageEffects":true,"showParticleSystems":true,"showVisualEffectGraphs":true,"m_FxEnabled":true},"in2DMode":false,"pivot":{"x":-1.4901161193847657e-8,"y":0.45359766483306887,"z":-4.76837158203125e-7},"rotation":{"x":0.10776504874229431,"y":-0.8615149259567261,"z":0.20563989877700807,"w":0.45154422521591189},"size":0.4812000095844269,"orthographic":false}